Fecha,Producto,Cantidad,PrecioUnitario,Categoría
2024-04-21,Teléfono,6,138461,Gold
2024-06-03,Teclado,2,38976,Premium
2024-07-01,Mouse,9,92291,Premium
2024-02-01,Teclado,9,113647,Standard
2024-03-05,Ventilador,5,105691,Premium
2024-06-04,Humidificador,4,122814,Gold
2024-02-27,Ventilador,10,25405,Premium
2024-03-20,Teclado,9,114289,Standard
2024-07-20,Teclado,6,142080,Premium
2024-02-23,Humidificador,3,106989,Gold
2024-07-13,Ventilador,4,106629,Gold
2024-04-09,Humidificador,6,92192,Premium
2024-04-02,Teclado,6,87271,Gold
2024-05-07,Mouse,2,86832,Premium
2024-06-24,Teclado,6,83607,Standard
2024-05-12,Mouse,4,58384,Standard
2024-03-04,Ventilador,8,127461,Gold
2024-03-20,Mouse,1,60931,Standard
2024-02-10,Mouse,7,84687,Standard
2024-06-24,Humidificador,3,137778,Premium
2024-05-25,Teclado,3,135177,Standard
2024-04-07,Ventilador,1,32579,Premium
2024-05-15,Ventilador,8,88690,Gold
2024-07-27,Ventilador,10,62588,Gold
2024-03-13,Teclado,7,123197,Gold
2024-07-22,Ventilador,6,86626,Standard
2024-07-13,Teclado,7,59796,Gold
2024-07-28,Teclado,5,83852,Premium
2024-03-08,Humidificador,6,126305,Standard
2024-05-04,Ventilador,6,49452,Standard
2024-05-07,Teclado,9,96613,Premium
2024-06-03,Mouse,5,40517,Premium
2024-04-30,Humidificador,10,54177,Premium
2024-02-19,Ventilador,4,34479,Gold
2024-05-04,Teléfono,4,69100,Standard
2024-06-27,Humidificador,1,36103,Standard
2024-03-31,Humidificador,8,125204,Standard
2024-04-24,Humidificador,8,88092,Premium
2024-03-27,Mouse,3,37230,Premium
2024-05-31,Teléfono,8,145341,Standard
2024-02-26,Teléfono,4,92541,Standard
2024-02-01,Teclado,6,141906,Gold
2024-06-20,Teclado,2,110620,Premium
2024-02-17,Humidificador,1,54417,Premium
2024-06-17,Teléfono,6,139275,Premium
2024-05-15,Ventilador,7,61117,Gold
2024-05-24,Teléfono,2,139260,Gold
2024-02-17,Ventilador,7,83583,Gold
2024-05-04,Teléfono,9,96170,Gold
2024-04-03,Humidificador,7,52777,Standard
2024-05-30,Teléfono,7,136338,Standard
2024-05-07,Ventilador,1,69420,Standard
2024-04-25,Ventilador,7,28250,Gold
2024-04-06,Ventilador,4,70542,Gold
2024-04-28,Mouse,7,145249,Standard
2024-05-26,Teléfono,6,51010,Premium
2024-04-21,Humidificador,7,57003,Gold
2024-06-14,Mouse,10,130549,Standard
2024-02-16,Teléfono,5,65555,Standard
2024-03-05,Ventilador,5,88643,Standard
2024-05-08,Teléfono,6,41590,Gold
2024-04-18,Humidificador,3,44259,Gold
2024-03-10,Teléfono,10,72549,Standard
2024-06-19,Ventilador,1,69359,Standard
2024-06-02,Ventilador,5,145205,Premium
2024-02-23,Teléfono,10,136545,Gold
2024-05-04,Teclado,8,103405,Premium
2024-03-01,Humidificador,8,46833,Standard
2024-04-01,Humidificador,7,100228,Gold
2024-02-03,Mouse,10,36470,Premium
2024-06-30,Teclado,2,55214,Gold
2024-02-14,Teclado,3,46280,Gold
2024-05-04,Teléfono,5,20406,Premium
2024-07-14,Teclado,4,122747,Gold
2024-02-12,Teléfono,8,144441,Standard
2024-03-24,Teléfono,3,82988,Premium
2024-07-16,Mouse,7,115961,Standard
2024-06-16,Teclado,1,99026,Premium
2024-07-18,Mouse,2,119253,Premium
2024-03-22,Ventilador,10,131086,Premium
2024-04-16,Humidificador,5,105147,Gold
2024-04-04,Teléfono,7,80630,Standard
2024-06-18,Humidificador,2,137160,Standard
2024-05-17,Teclado,6,96326,Premium
2024-07-08,Teléfono,3,78716,Gold
2024-03-09,Teléfono,3,84656,Standard
2024-07-30,Humidificador,9,57569,Premium
2024-06-27,Humidificador,3,149204,Premium
2024-03-31,Mouse,10,117412,Standard
2024-07-02,Teléfono,8,139406,Premium
2024-06-08,Teléfono,6,60809,Standard
2024-02-29,Ventilador,8,77889,Premium
2024-07-29,Teléfono,2,22739,Gold
2024-05-06,Humidificador,9,133909,Gold
2024-02-18,Teclado,10,66816,Gold
2024-03-01,Ventilador,2,21173,Premium
2024-05-19,Teléfono,5,142690,Premium
2024-07-24,Mouse,6,122946,Gold
2024-03-26,Ventilador,1,113723,Premium
2024-05-05,Ventilador,5,130764,Gold
2024-02-04,Humidificador,5,116485,Standard
2024-07-17,Humidificador,3,140279,Gold
2024-06-07,Teclado,10,118227,Premium
2024-05-12,Mouse,10,28077,Gold
2024-05-09,Teclado,5,47225,Standard
2024-07-12,Humidificador,10,136803,Premium
2024-06-16,Mouse,4,79800,Standard
2024-06-15,Humidificador,3,134716,Premium
2024-07-11,Mouse,10,50484,Standard
2024-05-22,Ventilador,8,40821,Standard
2024-07-17,Teclado,3,135444,Gold
2024-07-05,Teléfono,2,133191,Premium
2024-05-03,Teclado,1,97540,Premium
2024-03-28,Ventilador,10,89324,Gold
2024-06-05,Humidificador,9,148075,Gold
2024-07-17,Teclado,5,106595,Premium
2024-04-30,Humidificador,5,33347,Standard
2024-06-15,Mouse,3,123911,Premium
2024-06-23,Humidificador,4,74413,Premium
2024-03-17,Ventilador,9,84868,Gold
2024-03-29,Teclado,3,115412,Premium
2024-03-05,Teclado,6,28097,Premium
2024-05-27,Teléfono,4,134212,Premium
2024-05-25,Mouse,9,81347,Gold
2024-04-12,Ventilador,6,137363,Premium
2024-05-18,Mouse,8,137490,Gold
2024-07-13,Humidificador,9,124189,Gold
2024-03-12,Teclado,6,70636,Gold
2024-06-18,Ventilador,8,139336,Premium
2024-06-13,Teléfono,8,52402,Premium
2024-05-26,Mouse,8,80096,Premium
2024-03-31,Humidificador,6,24614,Gold
2024-06-02,Humidificador,6,46747,Standard
2024-06-04,Mouse,9,100116,Premium
2024-02-28,Humidificador,4,28360,Premium
2024-05-31,Mouse,2,122831,Standard
2024-06-27,Ventilador,8,59939,Gold
2024-03-27,Ventilador,7,91365,Gold
2024-06-26,Teléfono,5,88611,Standard
2024-05-16,Ventilador,3,24503,Standard
2024-02-13,Humidificador,10,95964,Premium
2024-07-10,Ventilador,9,90531,Gold
2024-05-11,Teclado,7,35129,Premium
2024-02-21,Ventilador,7,149127,Standard
2024-03-04,Teléfono,6,132703,Gold
2024-05-18,Mouse,8,90607,Gold
2024-07-24,Teclado,2,104580,Gold
2024-03-13,Teléfono,7,148201,Gold
2024-03-05,Mouse,9,21502,Gold
2024-05-04,Ventilador,3,105001,Premium
2024-07-19,Ventilador,3,42372,Standard
2024-07-01,Humidificador,4,142813,Standard
2024-03-20,Teclado,7,67239,Gold
2024-07-02,Mouse,7,85813,Premium
2024-02-05,Teclado,2,65644,Gold
2024-02-12,Teléfono,2,21438,Standard
2024-02-01,Ventilador,1,26905,Gold
2024-04-28,Teléfono,8,62909,Standard
2024-02-08,Humidificador,6,138076,Gold
2024-03-11,Mouse,5,120643,Gold
2024-04-30,Ventilador,3,96731,Premium
2024-05-29,Teléfono,7,145278,Gold
2024-04-11,Humidificador,10,45718,Gold
2024-02-04,Ventilador,4,71388,Gold
2024-02-01,Mouse,7,78203,Gold
2024-05-10,Humidificador,9,104587,Gold
2024-03-21,Ventilador,10,134614,Premium
2024-07-02,Mouse,9,113747,Standard
2024-07-12,Humidificador,6,140723,Gold
2024-07-16,Mouse,8,130440,Standard
2024-07-22,Mouse,2,60918,Standard
2024-05-14,Ventilador,9,84598,Gold
2024-02-23,Humidificador,2,107366,Standard
2024-07-02,Ventilador,4,70401,Standard
2024-06-28,Ventilador,7,127823,Premium
2024-05-19,Humidificador,7,66817,Gold
2024-02-06,Humidificador,5,137305,Premium
2024-07-01,Humidificador,9,34383,Standard
2024-03-17,Teclado,2,73633,Premium
2024-04-18,Ventilador,3,56362,Standard
2024-04-03,Mouse,9,133211,Standard
2024-03-26,Teclado,9,55808,Standard
2024-04-01,Teclado,3,113056,Premium
2024-06-15,Teclado,8,22406,Gold
2024-04-28,Teclado,5,82724,Standard
2024-02-22,Ventilador,9,26174,Premium
2024-07-02,Humidificador,4,26655,Standard
2024-05-02,Teclado,7,145919,Gold
2024-07-03,Humidificador,4,125081,Premium
2024-03-30,Ventilador,7,144121,Gold
2024-02-24,Humidificador,2,99761,Gold
2024-02-22,Ventilador,7,77907,Gold
2024-03-05,Teléfono,2,67022,Premium
2024-03-17,Mouse,5,113703,Standard
2024-04-15,Humidificador,6,73981,Gold
2024-02-14,Humidificador,10,74542,Standard
2024-05-26,Ventilador,6,77822,Gold
2024-05-21,Mouse,3,117510,Gold
2024-02-28,Ventilador,5,77438,Standard
2024-04-05,Mouse,4,22956,Gold
2024-06-24,Teléfono,10,85802,Premium
2024-05-09,Humidificador,5,83990,Gold
2024-04-12,Mouse,5,146159,Standard
2024-06-07,Teléfono,6,67611,Standard
2024-05-30,Teléfono,7,36589,Standard
2024-04-17,Mouse,5,25763,Gold
2024-04-10,Ventilador,3,102273,Premium
2024-04-08,Teclado,5,34502,Gold
2024-02-15,Humidificador,8,73053,Premium
2024-02-29,Ventilador,2,114953,Gold
2024-03-27,Mouse,1,131580,Premium
2024-07-04,Teclado,10,72996,Gold
2024-02-15,Ventilador,10,58014,Standard
2024-02-18,Humidificador,8,127418,Premium
2024-02-11,Teclado,8,141652,Standard
2024-03-13,Teléfono,7,131295,Premium
2024-04-05,Ventilador,3,82415,Premium
2024-06-06,Ventilador,2,72821,Gold
2024-02-05,Humidificador,7,144853,Gold
2024-04-01,Ventilador,3,69845,Gold
2024-07-28,Teclado,1,37203,Gold
2024-04-28,Teléfono,3,47227,Gold
2024-02-10,Ventilador,9,94254,Standard
2024-02-11,Teclado,7,128875,Premium
2024-03-31,Ventilador,6,26081,Standard
2024-04-30,Teléfono,3,83636,Premium
2024-04-16,Ventilador,1,47289,Premium
2024-05-20,Ventilador,5,140815,Premium
2024-07-06,Humidificador,3,130333,Gold
2024-02-28,Teléfono,1,122587,Premium
2024-02-17,Teclado,4,85365,Standard
2024-05-21,Ventilador,1,75449,Standard
2024-06-12,Mouse,1,50676,Premium
2024-03-01,Humidificador,2,93991,Premium
2024-03-31,Teclado,2,114486,Gold
2024-04-30,Teléfono,8,98064,Premium
2024-02-08,Mouse,9,135464,Gold
2024-05-07,Mouse,5,22623,Gold
2024-02-24,Ventilador,10,39501,Premium
2024-02-13,Teléfono,5,70433,Premium
2024-04-21,Teclado,1,20130,Premium
2024-05-26,Humidificador,9,51620,Gold
2024-04-18,Teclado,6,78980,Gold
2024-03-13,Teclado,8,104926,Standard
2024-07-13,Teclado,1,40207,Premium
2024-06-14,Teléfono,1,120546,Standard
2024-02-16,Humidificador,7,132534,Gold
2024-06-02,Teléfono,2,94614,Gold
2024-02-21,Humidificador,4,142882,Gold
2024-07-26,Ventilador,10,81936,Standard
2024-06-08,Mouse,9,50120,Premium
2024-03-10,Teléfono,10,75577,Premium
2024-03-25,Teléfono,5,67714,Premium
2024-03-27,Ventilador,6,126570,Standard
2024-07-22,Mouse,5,29647,Standard
2024-07-13,Ventilador,9,38337,Gold
2024-07-19,Teclado,5,31243,Standard
2024-03-13,Ventilador,2,26449,Premium
2024-04-18,Ventilador,5,143051,Premium
2024-04-04,Ventilador,10,48616,Premium
2024-04-19,Teléfono,2,143613,Gold
2024-06-03,Teclado,6,31906,Gold
2024-06-05,Mouse,10,65975,Premium
2024-05-08,Humidificador,9,102914,Gold
2024-05-10,Mouse,4,98113,Gold
2024-06-29,Teléfono,1,81821,Gold
2024-02-05,Teclado,9,122602,Standard
2024-04-16,Ventilador,7,43885,Premium
2024-02-22,Humidificador,2,25726,Standard
2024-04-25,Humidificador,3,43296,Standard
2024-05-07,Teclado,6,28317,Gold
2024-03-21,Teclado,7,24932,Standard
2024-05-31,Teclado,1,143448,Gold
2024-07-07,Ventilador,7,130145,Gold
2024-04-11,Ventilador,4,86557,Gold
2024-04-29,Teclado,4,140116,Premium
2024-02-19,Mouse,7,136552,Standard
2024-02-11,Teléfono,1,122282,Standard
2024-03-08,Ventilador,1,71155,Premium
2024-07-27,Teclado,2,33484,Standard
2024-07-19,Ventilador,4,31568,Standard
2024-04-15,Humidificador,2,114257,Standard
2024-05-03,Ventilador,1,53318,Premium
2024-06-22,Teléfono,9,91331,Standard
2024-06-12,Mouse,1,76579,Premium
2024-03-12,Ventilador,6,93937,Gold
2024-03-16,Teléfono,10,46658,Premium
2024-02-19,Ventilador,4,91105,Premium
2024-03-21,Teclado,4,24485,Premium
2024-02-17,Teléfono,5,72829,Standard
2024-03-12,Ventilador,2,69620,Standard
2024-05-26,Humidificador,2,85756,Standard
2024-03-09,Ventilador,8,57572,Premium
2024-05-29,Teléfono,10,31398,Standard
2024-06-30,Mouse,9,97919,Gold
2024-07-29,Ventilador,9,131858,Standard
2024-07-17,Ventilador,5,52221,Premium
2024-05-16,Humidificador,8,72913,Premium
2024-06-23,Humidificador,9,110549,Premium
2024-02-02,Ventilador,9,70456,Gold
2024-02-13,Mouse,9,27966,Standard
2024-07-16,Ventilador,7,88224,Gold
2024-07-15,Ventilador,2,130842,Standard
2024-07-13,Mouse,9,109511,Premium
2024-05-05,Mouse,5,104973,Premium
2024-06-16,Teclado,5,124601,Premium
2024-05-07,Teclado,8,42114,Gold
2024-06-11,Teclado,1,120779,Gold
2024-02-25,Teclado,6,60066,Premium
2024-05-23,Ventilador,1,52402,Premium
2024-06-27,Ventilador,5,113176,Standard
2024-06-13,Humidificador,7,34396,Premium
2024-06-17,Teléfono,3,137105,Premium
2024-03-14,Humidificador,1,40603,Standard
2024-04-01,Mouse,8,60321,Standard
2024-07-16,Teléfono,3,86950,Standard
2024-02-10,Teléfono,3,26046,Standard
2024-03-04,Teléfono,2,126204,Standard
2024-06-07,Teléfono,10,28551,Gold
2024-07-17,Humidificador,6,130961,Premium
2024-02-06,Ventilador,1,48837,Gold
2024-02-20,Mouse,2,108843,Premium
2024-03-21,Mouse,9,40655,Gold
2024-05-26,Teléfono,6,91982,Standard
2024-07-10,Teclado,6,30531,Premium
2024-06-28,Teléfono,5,103629,Premium
2024-04-23,Teléfono,1,26432,Gold
2024-03-07,Humidificador,9,54020,Premium
2024-02-19,Mouse,8,51603,Premium
2024-02-29,Teléfono,3,79430,Premium
2024-04-10,Humidificador,8,63233,Gold
2024-03-24,Teclado,4,45600,Premium
2024-03-29,Teléfono,6,80079,Standard
2024-03-15,Mouse,5,38311,Premium
2024-04-08,Ventilador,4,109429,Premium
2024-03-21,Teléfono,8,106781,Gold
2024-02-06,Ventilador,5,102248,Gold
2024-03-26,Ventilador,7,62369,Premium
2024-02-05,Ventilador,6,145104,Standard
2024-06-12,Teléfono,2,44190,Gold
2024-03-12,Mouse,2,38510,Gold
2024-06-20,Mouse,4,61936,Gold
2024-06-06,Humidificador,8,33873,Premium
2024-03-23,Teléfono,8,70205,Standard
2024-07-24,Teclado,9,79593,Gold
2024-06-01,Teclado,8,68745,Gold
2024-03-08,Teléfono,3,70570,Standard
2024-03-17,Humidificador,7,69076,Gold
2024-05-22,Ventilador,2,71724,Standard
2024-02-01,Mouse,10,71115,Gold
2024-04-05,Teléfono,4,132823,Standard
2024-06-12,Mouse,5,82944,Premium
2024-07-27,Ventilador,5,99801,Standard
2024-07-23,Ventilador,8,35694,Premium
2024-03-01,Humidificador,7,87131,Premium
2024-02-16,Teclado,3,105784,Premium
2024-05-18,Ventilador,10,145463,Premium
2024-06-04,Teléfono,9,140726,Premium
2024-07-06,Mouse,3,89347,Gold
2024-03-18,Mouse,1,77686,Gold
2024-05-12,Humidificador,2,106173,Premium
2024-03-14,Humidificador,5,73586,Premium
2024-06-05,Ventilador,9,116276,Standard
2024-03-25,Mouse,9,76642,Standard
2024-05-25,Ventilador,1,86974,Premium
2024-03-02,Mouse,8,72170,Premium
2024-06-06,Humidificador,8,79808,Premium
2024-05-13,Ventilador,10,145271,Standard
2024-06-12,Humidificador,9,94176,Standard
2024-07-23,Humidificador,7,125635,Premium
2024-07-24,Mouse,4,141849,Standard
2024-05-29,Teléfono,7,134041,Standard
2024-03-11,Humidificador,5,77797,Gold
2024-07-30,Teclado,9,65131,Gold
2024-05-30,Teléfono,3,86363,Gold
2024-06-25,Humidificador,1,116109,Gold
2024-02-23,Teléfono,2,20357,Premium
2024-07-02,Mouse,9,130442,Premium
2024-07-04,Mouse,5,127596,Gold
2024-06-10,Teléfono,1,90409,Gold
2024-07-27,Humidificador,9,113908,Standard
2024-03-03,Ventilador,9,71504,Premium
2024-02-16,Ventilador,6,75293,Standard
2024-06-06,Teclado,9,82017,Standard
2024-06-15,Ventilador,10,67494,Gold
2024-03-06,Humidificador,4,130900,Premium
2024-06-05,Humidificador,4,117387,Standard
2024-07-29,Teléfono,7,104945,Premium
2024-07-16,Teclado,7,21829,Standard
2024-04-14,Teléfono,3,32025,Standard
2024-04-23,Humidificador,1,79854,Standard
2024-03-30,Mouse,5,20647,Premium
2024-02-19,Ventilador,2,53144,Gold
2024-04-04,Humidificador,10,121329,Premium
2024-02-27,Teléfono,9,130037,Standard
2024-05-17,Mouse,5,132750,Standard
2024-02-01,Ventilador,6,39793,Premium
2024-06-30,Humidificador,8,25335,Standard
2024-07-08,Ventilador,5,131773,Standard
2024-05-30,Ventilador,1,144203,Premium
2024-07-12,Teclado,1,122858,Standard
2024-03-06,Teléfono,3,47022,Standard
2024-07-29,Teléfono,7,130856,Gold
2024-04-04,Mouse,7,82752,Premium
2024-05-06,Humidificador,5,57046,Gold
2024-03-27,Teclado,4,61366,Gold
2024-05-10,Ventilador,10,94933,Premium
2024-04-19,Mouse,10,97270,Gold
2024-06-15,Humidificador,8,92705,Standard
2024-05-21,Teclado,7,81877,Premium
2024-03-01,Humidificador,2,56265,Standard
2024-02-27,Ventilador,5,56279,Premium
2024-06-29,Humidificador,3,115842,Premium
2024-02-26,Mouse,9,52361,Premium
2024-05-23,Teléfono,8,104592,Premium
2024-02-15,Teclado,8,56006,Standard
2024-07-05,Mouse,8,75635,Standard
2024-07-15,Humidificador,8,71486,Gold
2024-07-23,Ventilador,8,81366,Standard
2024-06-14,Mouse,1,95244,Premium
2024-03-26,Mouse,2,81952,Premium
2024-04-25,Teclado,9,114864,Standard
2024-06-27,Teclado,5,133825,Gold
2024-06-09,Teclado,6,143811,Premium
2024-04-04,Humidificador,6,70513,Standard
2024-05-07,Ventilador,1,61959,Premium
2024-04-15,Teclado,4,30119,Premium
2024-05-08,Teclado,10,103180,Gold
2024-04-01,Mouse,1,20491,Standard
2024-07-28,Ventilador,2,31905,Premium
2024-04-21,Teléfono,5,57478,Premium
2024-07-23,Mouse,6,104558,Premium
2024-07-18,Mouse,10,50541,Premium
2024-05-26,Humidificador,8,89356,Standard
2024-02-18,Mouse,7,59928,Gold
2024-04-17,Humidificador,7,111298,Standard
2024-02-07,Mouse,8,88015,Gold
2024-03-02,Ventilador,2,67928,Gold
2024-07-22,Humidificador,3,68353,Standard
2024-06-26,Teléfono,9,107165,Gold
2024-04-28,Ventilador,3,38594,Standard
2024-02-18,Humidificador,8,131068,Premium
2024-07-11,Teclado,9,74970,Gold
2024-04-24,Humidificador,6,90164,Premium
2024-07-17,Teclado,10,121846,Premium
2024-04-19,Teléfono,7,119588,Premium
2024-02-21,Mouse,5,134161,Premium
2024-04-02,Humidificador,9,84298,Standard
2024-07-13,Ventilador,2,104137,Standard
2024-02-13,Ventilador,1,130424,Standard
2024-06-03,Teclado,3,90085,Standard
2024-04-01,Mouse,1,25585,Premium
2024-06-20,Mouse,10,28991,Standard
2024-02-04,Teclado,9,79559,Gold
2024-06-24,Ventilador,2,106033,Standard
2024-02-06,Ventilador,8,50970,Standard
2024-06-07,Ventilador,6,102584,Premium
2024-06-03,Teléfono,7,66237,Gold
2024-05-23,Mouse,8,64289,Gold
2024-05-31,Mouse,4,50826,Gold
2024-05-15,Mouse,5,56219,Premium
2024-06-11,Humidificador,9,92650,Standard
2024-04-03,Ventilador,6,129237,Premium
2024-02-05,Ventilador,4,32644,Standard
2024-06-26,Mouse,10,74043,Standard
2024-05-18,Humidificador,6,42109,Gold
2024-06-03,Mouse,10,120427,Standard
2024-06-16,Mouse,5,33157,Gold
2024-02-14,Ventilador,7,89368,Standard
2024-07-22,Teléfono,1,44272,Premium
2024-02-28,Teléfono,3,33264,Standard
2024-06-22,Mouse,4,119673,Standard
2024-04-07,Humidificador,5,103866,Standard
2024-02-17,Teléfono,2,26280,Gold
2024-05-17,Teclado,4,144625,Premium
2024-04-23,Teléfono,9,62889,Standard
2024-07-09,Humidificador,4,79765,Premium
2024-06-18,Ventilador,6,149517,Standard
2024-07-13,Humidificador,10,126563,Premium
2024-07-05,Teléfono,8,71218,Premium
2024-07-20,Teclado,4,69490,Gold
2024-02-13,Teclado,10,81773,Standard
2024-06-07,Mouse,5,73826,Standard
2024-06-01,Teclado,1,79224,Gold
2024-03-19,Humidificador,6,148212,Gold
2024-05-11,Ventilador,3,112276,Standard
2024-06-03,Teléfono,10,113550,Standard
2024-02-01,Ventilador,3,144489,Standard
2024-05-19,Ventilador,2,23418,Premium
2024-07-07,Mouse,5,39500,Standard
2024-03-24,Ventilador,2,136128,Standard
2024-05-07,Mouse,6,23317,Gold
2024-04-10,Teclado,10,23222,Premium
2024-06-09,Teclado,7,63474,Premium
2024-02-24,Ventilador,1,62171,Standard
2024-05-17,Mouse,2,25095,Standard
2024-07-04,Mouse,4,140181,Premium
2024-02-11,Humidificador,2,40784,Standard
2024-04-21,Humidificador,2,27316,Premium
2024-06-17,Humidificador,6,69386,Gold
2024-05-12,Humidificador,9,77095,Gold
2024-05-14,Teclado,3,26489,Premium
2024-06-14,Teléfono,2,49343,Standard
2024-05-09,Humidificador,10,53759,Gold
2024-04-13,Teléfono,1,128159,Premium
2024-07-24,Ventilador,8,69825,Premium
2024-03-23,Ventilador,2,133669,Gold
2024-02-24,Ventilador,9,126698,Gold
2024-07-30,Humidificador,5,69351,Premium
2024-05-01,Mouse,2,121206,Premium
2024-05-06,Mouse,1,145396,Gold
2024-05-09,Teclado,1,41941,Gold
2024-04-05,Teclado,5,131287,Gold
2024-03-12,Mouse,3,39990,Gold
2024-03-24,Teléfono,2,120253,Gold
2024-06-06,Ventilador,4,103085,Gold
2024-06-09,Teléfono,4,48340,Standard
2024-05-25,Ventilador,10,61010,Standard
2024-06-24,Ventilador,9,83053,Premium
2024-02-09,Teléfono,4,79937,Gold
2024-07-25,Ventilador,3,100779,Gold
2024-05-31,Humidificador,2,126399,Premium
2024-05-01,Mouse,1,60509,Gold
2024-06-17,Ventilador,6,139853,Standard
2024-05-20,Humidificador,1,23313,Gold
2024-04-14,Teléfono,9,137763,Gold
2024-04-30,Ventilador,7,90496,Standard
2024-07-21,Mouse,6,71714,Gold
2024-07-25,Mouse,2,82560,Gold
2024-07-26,Teclado,1,127380,Standard
2024-05-29,Humidificador,2,138452,Gold
2024-02-15,Humidificador,4,137627,Gold
2024-06-15,Teclado,3,143801,Gold
2024-05-12,Teléfono,4,50241,Premium
2024-07-18,Teléfono,1,117844,Standard
2024-05-25,Teclado,7,71124,Premium
2024-04-05,Mouse,5,29739,Gold
2024-06-16,Teléfono,9,75498,Premium
2024-02-18,Teléfono,9,55640,Premium
2024-05-13,Teléfono,5,91069,Premium
2024-05-31,Ventilador,9,117511,Premium
2024-02-03,Ventilador,1,90149,Gold
2024-06-29,Ventilador,8,84192,Gold
2024-06-25,Mouse,7,57019,Standard
2024-07-08,Mouse,4,79529,Standard
2024-06-17,Humidificador,8,62080,Gold
2024-05-17,Teléfono,5,32640,Gold
2024-03-25,Ventilador,5,131138,Standard
2024-03-14,Teléfono,10,139355,Premium
2024-03-18,Humidificador,2,64338,Gold
2024-03-02,Humidificador,1,22376,Gold
2024-06-30,Ventilador,6,92917,Gold
2024-02-18,Teléfono,8,73186,Gold
2024-04-16,Mouse,10,74719,Gold
2024-06-17,Humidificador,2,81347,Premium
2024-05-07,Teléfono,9,49426,Standard
2024-02-20,Ventilador,4,91229,Premium
2024-07-17,Teclado,6,119927,Premium
2024-03-22,Teléfono,10,61469,Premium
2024-03-29,Teclado,3,37644,Standard
2024-07-09,Teclado,3,96702,Gold
2024-07-16,Mouse,3,65121,Standard
2024-05-08,Ventilador,6,83420,Standard
2024-02-18,Humidificador,1,141572,Premium
2024-03-15,Humidificador,3,66996,Standard
2024-06-02,Teclado,6,128139,Gold
2024-05-17,Teclado,2,35011,Standard
2024-03-14,Mouse,8,142052,Standard
2024-07-04,Teléfono,2,45897,Premium
2024-05-16,Ventilador,3,82976,Premium
2024-04-11,Teléfono,5,145770,Premium
2024-02-21,Mouse,5,122386,Standard
2024-03-12,Teclado,2,90861,Gold
2024-02-17,Teclado,4,98276,Premium
2024-04-01,Humidificador,9,140163,Standard
2024-07-08,Teléfono,6,58242,Premium
2024-06-06,Teléfono,10,115272,Gold
2024-02-12,Teléfono,3,46619,Gold
2024-06-04,Humidificador,10,32775,Gold
2024-07-30,Ventilador,7,22786,Gold
2024-06-17,Teclado,2,56206,Premium
2024-06-22,Teléfono,8,136416,Premium
2024-03-24,Humidificador,3,90485,Standard
2024-05-10,Ventilador,1,52402,Standard
2024-06-09,Teclado,4,108072,Standard
2024-04-12,Mouse,4,116386,Gold
2024-06-23,Teléfono,5,94197,Standard
2024-02-05,Teclado,2,26750,Premium
2024-05-12,Ventilador,8,78117,Premium
2024-05-28,Teléfono,10,140586,Standard
2024-03-16,Humidificador,8,144632,Premium
2024-06-03,Ventilador,4,70821,Premium
2024-03-30,Teléfono,2,90775,Gold
2024-04-10,Ventilador,6,138354,Premium
2024-06-16,Ventilador,9,65688,Standard
2024-06-17,Ventilador,2,139325,Premium
2024-02-25,Teclado,5,39774,Gold
2024-04-07,Ventilador,7,46779,Standard
2024-04-18,Mouse,3,105591,Standard
2024-04-03,Teléfono,7,40611,Standard
2024-05-28,Humidificador,2,66937,Gold
2024-02-25,Mouse,1,32350,Premium
2024-07-25,Humidificador,3,98198,Standard
2024-05-23,Ventilador,8,96394,Premium
2024-07-18,Ventilador,3,137994,Standard
2024-03-08,Humidificador,5,27245,Standard
2024-03-10,Teléfono,9,77772,Gold
2024-05-10,Humidificador,2,48541,Gold
2024-04-11,Humidificador,1,140568,Gold
2024-06-02,Teclado,9,103209,Gold
2024-05-18,Teléfono,2,127079,Premium
2024-03-10,Teléfono,5,122533,Premium
2024-03-29,Mouse,8,81063,Premium
2024-06-25,Teclado,7,130052,Gold
2024-02-25,Teclado,4,87383,Premium
2024-05-16,Ventilador,1,37222,Standard
2024-04-03,Teléfono,6,129435,Standard
2024-04-27,Humidificador,5,133374,Gold
2024-04-22,Humidificador,7,28320,Gold
2024-05-10,Humidificador,9,97299,Standard
2024-04-10,Humidificador,7,54161,Premium
2024-04-29,Humidificador,6,108930,Gold
2024-04-23,Ventilador,1,69002,Standard
2024-02-16,Teclado,2,64243,Premium
2024-07-24,Humidificador,6,134630,Gold
2024-02-17,Ventilador,10,109411,Premium
2024-04-05,Humidificador,7,100146,Premium
2024-07-29,Mouse,1,138149,Gold
2024-06-19,Mouse,7,149587,Premium
2024-06-21,Ventilador,2,32945,Standard
2024-02-26,Ventilador,1,28614,Standard
2024-04-03,Ventilador,3,32269,Premium
2024-07-28,Teléfono,1,23295,Standard
2024-05-25,Ventilador,6,112493,Gold
2024-06-03,Mouse,9,112508,Gold
2024-02-12,Mouse,7,56568,Standard
2024-05-24,Teclado,10,70057,Gold
2024-02-22,Mouse,4,102936,Gold
2024-02-05,Teléfono,2,109155,Standard
2024-02-19,Mouse,6,29483,Standard
2024-02-24,Mouse,3,25141,Premium
2024-03-22,Ventilador,8,53988,Gold
2024-06-29,Teléfono,3,141782,Premium
2024-07-30,Teclado,1,142855,Premium
2024-05-28,Mouse,3,76834,Standard
2024-03-14,Teclado,3,100327,Premium
2024-04-01,Teclado,1,99769,Gold
2024-07-03,Ventilador,5,106996,Standard
2024-06-29,Ventilador,8,109991,Standard
2024-02-27,Humidificador,5,139876,Gold
2024-02-08,Humidificador,5,130209,Premium
2024-03-13,Mouse,2,53016,Gold
2024-06-19,Mouse,2,39804,Standard
2024-04-27,Ventilador,9,143789,Gold
2024-07-22,Humidificador,6,50231,Gold
2024-07-12,Ventilador,8,81398,Premium
2024-07-29,Ventilador,8,62798,Standard
2024-04-19,Teléfono,7,59815,Gold
2024-05-06,Ventilador,7,70780,Standard
2024-07-15,Ventilador,10,43758,Gold
2024-03-10,Mouse,4,76970,Gold
2024-07-25,Teléfono,2,84137,Standard
2024-05-10,Teclado,5,77569,Premium
2024-03-31,Ventilador,8,145913,Premium
2024-02-10,Teléfono,10,53916,Gold
2024-06-24,Humidificador,4,110192,Gold
2024-02-21,Humidificador,6,114837,Standard
2024-03-21,Teléfono,5,112675,Gold
2024-06-29,Mouse,10,44185,Gold
2024-07-19,Mouse,7,92468,Standard
2024-02-19,Humidificador,8,24770,Premium
2024-06-30,Teclado,7,98575,Gold
2024-07-10,Humidificador,4,87571,Premium
2024-05-05,Teléfono,9,132195,Standard
2024-04-04,Mouse,3,57144,Standard
2024-06-23,Teclado,2,73520,Premium
2024-05-17,Ventilador,2,127021,Gold
2024-07-15,Teclado,5,22435,Standard
2024-07-25,Mouse,10,148179,Premium
2024-07-17,Ventilador,2,145996,Gold
2024-07-20,Ventilador,3,80497,Premium
2024-04-23,Humidificador,3,50710,Gold
2024-07-06,Mouse,3,78641,Standard
2024-04-24,Mouse,4,66364,Gold
2024-02-05,Ventilador,10,90928,Standard
2024-04-20,Teclado,5,22250,Standard
2024-02-03,Humidificador,2,143317,Premium
2024-03-05,Teclado,9,87431,Gold
2024-07-29,Teclado,3,141163,Standard
2024-03-30,Teclado,5,54215,Gold
2024-02-06,Ventilador,4,98723,Standard
2024-07-07,Mouse,2,77501,Premium
2024-05-22,Teléfono,3,129585,Premium
2024-04-24,Teléfono,2,101278,Standard
2024-04-18,Teclado,8,36177,Premium
2024-04-09,Teclado,10,147872,Gold
2024-02-21,Mouse,6,140559,Gold
2024-05-31,Teléfono,3,84334,Premium
2024-04-17,Mouse,10,42910,Gold
2024-03-22,Teclado,7,111486,Premium
2024-04-25,Ventilador,7,96276,Premium
2024-04-22,Humidificador,9,134206,Premium
2024-05-13,Teléfono,5,88705,Premium
2024-05-29,Teclado,8,23516,Premium
2024-03-07,Ventilador,9,121818,Premium
2024-03-19,Teléfono,6,72829,Standard
2024-04-18,Humidificador,4,52104,Standard
2024-05-12,Teclado,8,88982,Premium
2024-02-18,Humidificador,9,50882,Gold
2024-04-07,Mouse,5,77006,Gold
2024-05-27,Humidificador,5,111155,Premium
2024-04-25,Ventilador,4,34600,Premium
2024-05-10,Humidificador,6,127000,Premium
2024-02-02,Ventilador,6,133991,Premium
2024-07-07,Mouse,9,137894,Standard
2024-03-20,Mouse,8,36518,Premium
2024-06-21,Teclado,5,58275,Gold
2024-03-10,Mouse,6,86339,Standard
2024-05-18,Humidificador,3,76622,Gold
2024-07-11,Mouse,9,25518,Premium
2024-02-04,Humidificador,8,97763,Gold
2024-02-12,Teléfono,8,87637,Gold
2024-03-07,Mouse,2,75975,Standard
2024-07-13,Humidificador,7,147006,Premium
2024-07-16,Mouse,8,26780,Standard
2024-03-25,Teléfono,4,126652,Premium
2024-04-21,Ventilador,1,114843,Premium
2024-06-15,Ventilador,5,119624,Gold
2024-04-29,Teclado,4,54165,Standard
2024-04-05,Teclado,6,21343,Gold
2024-05-30,Teléfono,9,141499,Standard
2024-05-23,Humidificador,10,110564,Gold
2024-07-15,Teclado,5,94370,Gold
2024-06-08,Teléfono,10,51460,Premium
2024-04-20,Teléfono,9,25997,Standard
2024-03-21,Mouse,5,96348,Premium
2024-04-29,Humidificador,6,26973,Gold
2024-03-20,Mouse,8,47830,Premium
2024-02-26,Teléfono,7,147819,Gold
2024-06-13,Humidificador,10,44896,Standard
2024-04-07,Humidificador,4,53475,Premium
2024-07-24,Mouse,2,130068,Standard
2024-04-24,Humidificador,4,61507,Premium
2024-06-24,Ventilador,1,70619,Standard
2024-06-21,Ventilador,2,42641,Gold
2024-02-06,Teléfono,2,123013,Standard
2024-03-14,Mouse,7,112101,Gold
2024-03-18,Ventilador,3,91789,Standard
2024-03-20,Teléfono,9,101634,Premium
2024-04-15,Teclado,5,49044,Gold
2024-03-05,Ventilador,6,89187,Standard
2024-06-25,Teclado,2,33124,Standard
2024-06-23,Teclado,6,127677,Premium
2024-05-08,Mouse,9,66725,Premium
2024-07-09,Teléfono,1,107082,Standard
2024-04-05,Teclado,5,43108,Standard
2024-05-03,Teclado,7,73549,Gold
2024-07-16,Ventilador,1,149917,Standard
2024-02-04,Teclado,6,142699,Gold
2024-06-11,Mouse,9,21381,Gold
2024-05-25,Mouse,10,100213,Premium
2024-06-21,Mouse,4,110441,Premium
2024-05-28,Mouse,5,66444,Gold
2024-07-15,Mouse,2,58282,Gold
2024-02-28,Teclado,9,41594,Premium
2024-05-18,Teclado,4,126091,Premium
2024-03-30,Mouse,8,113263,Premium
2024-06-04,Humidificador,7,148365,Standard
2024-07-19,Humidificador,3,59201,Premium
2024-03-17,Ventilador,3,75856,Premium
2024-03-29,Teclado,1,134145,Premium
2024-05-29,Mouse,8,129409,Gold
2024-07-19,Humidificador,6,73763,Standard
2024-04-29,Mouse,7,85947,Standard
2024-04-27,Mouse,9,116355,Premium
2024-07-18,Teléfono,8,127022,Standard
2024-02-27,Teclado,1,139626,Standard
2024-03-05,Teléfono,4,124779,Premium
2024-03-17,Teléfono,1,104215,Standard
2024-04-24,Teléfono,1,121117,Gold
2024-04-14,Ventilador,9,114933,Gold
2024-07-19,Teclado,1,49821,Standard
2024-07-12,Teléfono,1,143538,Premium
2024-04-22,Ventilador,8,128293,Premium
2024-02-10,Ventilador,9,120288,Standard
2024-02-14,Ventilador,2,148255,Gold
2024-07-27,Mouse,8,133492,Standard
2024-05-06,Mouse,3,113721,Gold
2024-02-04,Humidificador,5,96567,Gold
2024-02-05,Humidificador,6,55713,Premium
2024-07-20,Teclado,1,124711,Standard
2024-06-12,Humidificador,5,49643,Standard
2024-07-08,Teléfono,3,98524,Standard
2024-06-01,Mouse,7,123324,Gold
2024-03-30,Teclado,9,98120,Standard
2024-07-17,Teclado,6,58867,Gold
2024-04-06,Ventilador,4,124827,Standard
2024-07-05,Humidificador,4,36168,Gold
2024-05-25,Ventilador,6,108303,Gold
2024-06-10,Ventilador,8,56021,Standard
2024-07-27,Mouse,1,142798,Standard
2024-02-03,Ventilador,2,70235,Standard
2024-02-03,Mouse,6,116489,Gold
2024-02-18,Teclado,6,38153,Gold
2024-05-12,Mouse,8,88347,Gold
2024-02-17,Teléfono,10,21204,Standard
2024-05-31,Mouse,7,122645,Premium
2024-04-26,Ventilador,8,142632,Premium
2024-02-27,Ventilador,8,60462,Gold
2024-06-21,Humidificador,9,85996,Gold
2024-04-17,Ventilador,9,131313,Standard
2024-03-02,Mouse,2,88372,Premium
2024-03-20,Humidificador,10,130893,Standard
2024-04-03,Teléfono,4,34314,Premium
2024-07-26,Mouse,9,103362,Standard
2024-06-14,Ventilador,8,58699,Standard
2024-05-17,Ventilador,1,75604,Premium
2024-02-10,Humidificador,8,92878,Standard
2024-06-15,Ventilador,4,125049,Standard
2024-05-01,Humidificador,6,102410,Gold
2024-05-12,Mouse,4,140077,Standard
2024-05-10,Mouse,3,56057,Gold
2024-06-04,Teléfono,9,136076,Standard
2024-05-14,Teléfono,7,28367,Standard
2024-02-17,Humidificador,5,61057,Standard
2024-07-16,Humidificador,4,71762,Standard
2024-05-26,Teclado,9,77231,Gold
2024-05-21,Humidificador,4,44516,Standard
2024-02-24,Teclado,9,140690,Gold
2024-03-18,Humidificador,1,146249,Gold
2024-03-30,Humidificador,9,57891,Premium
2024-07-19,Mouse,5,76282,Standard
2024-07-09,Teléfono,6,119894,Standard
2024-06-16,Mouse,8,84288,Standard
2024-07-04,Mouse,10,48329,Gold
2024-04-22,Teclado,4,147887,Gold
2024-06-28,Teclado,10,75261,Premium
2024-03-01,Teclado,7,103543,Gold
2024-05-30,Teléfono,1,144759,Premium
2024-07-26,Ventilador,1,84719,Standard
2024-04-13,Teclado,10,55235,Premium
2024-07-27,Teléfono,8,102420,Premium
2024-05-31,Humidificador,5,90724,Standard
2024-02-13,Teléfono,3,84726,Standard
2024-06-17,Mouse,3,139128,Gold
2024-03-01,Teclado,5,69220,Premium
2024-02-03,Ventilador,1,71587,Standard
2024-05-15,Teléfono,3,113743,Gold
2024-04-27,Teléfono,4,91912,Premium
2024-04-04,Humidificador,8,139833,Standard
2024-02-03,Mouse,3,84496,Standard
2024-02-24,Teclado,9,74108,Gold
2024-04-29,Humidificador,2,65805,Premium
2024-04-01,Humidificador,6,105133,Standard
2024-04-09,Ventilador,10,124821,Gold
2024-07-29,Ventilador,6,52136,Standard
2024-04-29,Teclado,3,143127,Gold
2024-03-23,Teclado,9,48080,Premium
2024-06-14,Teléfono,3,98693,Standard
2024-04-08,Mouse,10,52013,Gold
2024-05-12,Mouse,3,33224,Gold
2024-05-04,Humidificador,5,73413,Gold
2024-04-17,Mouse,8,134778,Gold
2024-02-25,Teclado,8,39236,Gold
2024-06-07,Mouse,6,108016,Premium
2024-04-25,Teclado,4,37648,Gold
2024-03-20,Ventilador,6,23243,Premium
2024-07-23,Teléfono,1,46736,Gold
2024-05-25,Mouse,6,26099,Gold
2024-03-30,Ventilador,3,65652,Standard
2024-02-03,Humidificador,9,100403,Standard
2024-07-09,Humidificador,8,54733,Premium
2024-03-15,Mouse,5,100816,Premium
2024-07-17,Mouse,9,105575,Standard
2024-04-25,Mouse,7,61210,Standard
2024-04-26,Humidificador,4,137960,Premium
2024-06-23,Teclado,3,144114,Gold
2024-06-03,Ventilador,6,33242,Gold
2024-04-18,Ventilador,5,119079,Gold
2024-07-19,Mouse,5,142044,Standard
2024-05-16,Ventilador,6,105749,Gold
2024-04-10,Teléfono,4,21998,Premium
2024-05-18,Teléfono,2,136916,Gold
2024-05-03,Teléfono,10,130114,Premium
2024-04-23,Teclado,1,44505,Premium
2024-07-07,Teclado,3,69866,Premium
2024-05-18,Mouse,4,82203,Standard
2024-07-14,Humidificador,9,96106,Standard
2024-05-12,Teléfono,10,55883,Gold
2024-03-19,Mouse,3,112432,Gold
2024-05-10,Teléfono,5,101132,Standard
2024-07-24,Teclado,2,74806,Standard
2024-07-13,Humidificador,6,113968,Premium
2024-04-14,Humidificador,9,72938,Gold
2024-05-28,Teclado,8,88549,Premium
2024-07-04,Teléfono,7,28219,Gold
2024-02-03,Teclado,7,106398,Gold
2024-03-21,Mouse,5,83504,Gold
2024-03-22,Ventilador,4,124801,Gold
2024-07-04,Humidificador,7,94721,Premium
2024-03-20,Teclado,5,28796,Gold
2024-03-06,Ventilador,7,85345,Standard
2024-02-12,Ventilador,6,106683,Standard
2024-04-13,Teléfono,10,113005,Gold
2024-04-06,Humidificador,8,137234,Standard
2024-04-28,Mouse,10,145877,Premium
2024-07-03,Teléfono,3,138993,Standard
2024-07-29,Ventilador,9,97773,Gold
2024-02-19,Teléfono,2,91933,Premium
2024-05-27,Mouse,1,100839,Premium
2024-07-04,Teclado,3,56805,Gold
2024-07-01,Humidificador,2,112621,Gold
2024-07-03,Teclado,6,91243,Gold
2024-04-04,Teclado,9,90484,Premium
2024-03-08,Humidificador,1,77039,Gold
2024-04-28,Teléfono,3,130294,Premium
2024-07-03,Humidificador,3,114859,Premium
2024-04-09,Teléfono,2,45589,Gold
2024-05-13,Ventilador,5,33152,Gold
2024-06-03,Mouse,9,51618,Premium
2024-07-04,Teclado,5,69149,Gold
2024-07-08,Humidificador,3,144002,Standard
2024-06-01,Ventilador,1,28892,Premium
2024-06-11,Teclado,10,93476,Premium
2024-02-03,Mouse,1,29575,Standard
2024-04-22,Teléfono,2,43583,Premium
2024-04-12,Teléfono,8,116407,Premium
2024-04-23,Teclado,9,54386,Standard
2024-06-13,Mouse,10,28994,Standard
2024-05-01,Teléfono,8,108330,Gold
2024-06-09,Teclado,10,41113,Standard
2024-05-19,Mouse,7,108676,Gold
2024-07-02,Teléfono,6,141475,Gold
2024-07-21,Teclado,4,104429,Standard
2024-06-04,Humidificador,4,139629,Premium
2024-03-20,Mouse,3,95380,Premium
2024-03-11,Mouse,3,57178,Gold
2024-06-16,Humidificador,10,75134,Standard
2024-05-29,Teclado,4,84253,Standard
2024-07-30,Teléfono,2,122144,Premium
2024-06-02,Teléfono,9,51602,Premium
2024-06-22,Humidificador,8,31101,Premium
2024-05-25,Teclado,9,41820,Gold
2024-03-26,Ventilador,1,124446,Premium
2024-02-24,Humidificador,10,57454,Gold
2024-02-25,Teléfono,10,105340,Gold
2024-04-25,Mouse,10,27549,Standard
2024-04-21,Teclado,5,101196,Standard
2024-03-10,Humidificador,3,22333,Premium
2024-02-29,Mouse,1,122600,Premium
2024-05-03,Teclado,2,136053,Gold
2024-04-09,Humidificador,3,68487,Premium
2024-03-10,Ventilador,10,79456,Gold
2024-07-01,Teclado,9,105130,Gold
2024-03-17,Teléfono,3,31069,Standard
2024-03-22,Mouse,5,120357,Standard
2024-03-08,Teclado,9,137964,Gold
2024-07-21,Teclado,10,95304,Gold
2024-03-20,Teclado,5,34641,Premium
2024-07-03,Humidificador,6,120619,Standard
2024-02-19,Ventilador,1,88935,Gold
2024-03-02,Ventilador,1,31945,Premium
2024-07-24,Teléfono,6,128707,Standard
2024-03-15,Mouse,5,30640,Gold
2024-02-23,Teclado,4,38728,Gold
2024-07-18,Ventilador,5,41330,Gold
2024-05-10,Teclado,5,70804,Standard
2024-06-01,Teléfono,4,56781,Premium
2024-02-05,Humidificador,5,92147,Gold
2024-06-16,Humidificador,4,71107,Standard
2024-05-30,Humidificador,4,51553,Premium
2024-03-15,Ventilador,5,130449,Gold
2024-05-28,Mouse,4,148776,Standard
2024-04-03,Ventilador,9,120801,Premium
2024-03-22,Humidificador,7,105741,Gold
2024-04-25,Teléfono,8,130563,Standard
2024-05-09,Teclado,10,78411,Standard
2024-02-21,Humidificador,9,111508,Gold
2024-05-27,Ventilador,2,103100,Standard
2024-06-18,Ventilador,6,96626,Gold
2024-05-25,Teclado,10,142243,Gold
2024-03-19,Teléfono,9,109772,Premium
2024-05-29,Teléfono,7,34799,Premium
2024-04-02,Teclado,2,95634,Standard
2024-07-24,Humidificador,5,32223,Gold
2024-02-03,Ventilador,3,78128,Gold
2024-06-10,Teléfono,9,131219,Gold
2024-05-09,Ventilador,2,87509,Premium
2024-07-28,Teclado,2,40558,Premium
2024-05-11,Ventilador,2,100220,Gold
2024-03-20,Humidificador,6,124739,Gold
2024-05-06,Humidificador,2,56157,Premium
2024-07-16,Teléfono,9,102818,Standard
2024-03-19,Humidificador,5,59233,Standard
2024-07-19,Ventilador,4,66334,Gold
2024-02-16,Ventilador,2,146327,Premium
2024-03-30,Mouse,6,69362,Standard
2024-05-14,Humidificador,8,64337,Gold
2024-04-02,Mouse,1,71258,Standard
2024-03-23,Teclado,6,33980,Standard
